﻿<?xml version="1.0" encoding="UTF-8" standalone="yes"?>
<addon id="plugin.program.aaa"                                                                                                                                    
	   name=" [COLOR tan][B]KodiShatBazMan עדכון updating[/B][/COLOR]"                                                 
	   version="1.2"                                                                                                                                        
	   provider-name="Kafka">
  <requires>
    <import addon="xbmc.python" version="2.1.0"/>

  </requires>
  <extension point="xbmc.python.pluginsource" library="default.py">
    <provides>executable</provides>
  </extension>
  <extension point="xbmc.service" library="startup.py" start="startup" />
  <extension point="xbmc.addon.metadata">
    <summary lang="en">עדכון עבור הבילד</summary>
    <description lang="en"></description>
    <platform>all</platform>
  </extension>
</addon>